m,n,sigma,index,heuristic,beam_width,length
10,100,2,0,h2,10,4
10,100,2,0,h5,10,6
10,100,2,0,h8,10,6
10,100,2,1,h2,10,3
10,100,2,1,h5,10,3
10,100,2,1,h8,10,3
10,100,2,2,h2,10,6
10,100,2,2,h5,10,6
10,100,2,2,h8,10,6
10,100,2,3,h2,10,4
10,100,2,3,h5,10,4
10,100,2,3,h8,10,4
10,100,2,4,h2,10,5
10,100,2,4,h5,10,5
10,100,2,4,h8,10,5
10,100,2,5,h2,10,5
10,100,2,5,h5,10,5
10,100,2,5,h8,10,5
10,100,2,6,h2,10,3
10,100,2,6,h5,10,3
10,100,2,6,h8,10,3
10,100,2,7,h2,10,4
10,100,2,7,h5,10,4
10,100,2,7,h8,10,4
10,100,2,8,h2,10,3
10,100,2,8,h5,10,3
10,100,2,8,h8,10,3
10,100,2,9,h2,10,4
10,100,2,9,h5,10,4
10,100,2,9,h8,10,4
10,200,2,0,h2,10,4
10,200,2,0,h5,10,4
10,200,2,0,h8,10,4
10,200,2,1,h2,10,5
10,200,2,1,h5,10,4
10,200,2,1,h8,10,4
10,200,2,2,h2,10,5
10,200,2,2,h5,10,5
10,200,2,2,h8,10,5
10,200,2,3,h2,10,5
10,200,2,3,h5,10,4
10,200,2,3,h8,10,4
10,200,2,4,h2,10,6
10,200,2,4,h5,10,6
10,200,2,4,h8,10,6
10,200,2,5,h2,10,7
10,200,2,5,h5,10,5
10,200,2,5,h8,10,7
10,200,2,6,h2,10,9
10,200,2,6,h5,10,7
10,200,2,6,h8,10,7
10,200,2,7,h2,10,4
10,200,2,7,h5,10,4
10,200,2,7,h8,10,4
10,200,2,8,h2,10,7
10,200,2,8,h5,10,5
10,200,2,8,h8,10,7
10,200,2,9,h2,10,6
10,200,2,9,h5,10,4
10,200,2,9,h8,10,4
10,50,2,0,h2,10,4
10,50,2,0,h5,10,4
10,50,2,0,h8,10,4
10,50,2,1,h2,10,3
10,50,2,1,h5,10,3
10,50,2,1,h8,10,3
10,50,2,2,h2,10,3
10,50,2,2,h5,10,3
10,50,2,2,h8,10,3
10,50,2,3,h2,10,6
10,50,2,3,h5,10,6
10,50,2,3,h8,10,6
10,50,2,4,h2,10,3
10,50,2,4,h5,10,3
10,50,2,4,h8,10,3
10,50,2,5,h2,10,5
10,50,2,5,h5,10,4
10,50,2,5,h8,10,5
10,50,2,6,h2,10,4
10,50,2,6,h5,10,4
10,50,2,6,h8,10,4
10,50,2,7,h2,10,3
10,50,2,7,h5,10,3
10,50,2,7,h8,10,3
10,50,2,8,h2,10,3
10,50,2,8,h5,10,3
10,50,2,8,h8,10,3
10,50,2,9,h2,10,5
10,50,2,9,h5,10,5
10,50,2,9,h8,10,5
2,100,2,0,h2,10,66
2,100,2,0,h5,10,71
2,100,2,0,h8,10,66
2,100,2,1,h2,10,19
2,100,2,1,h5,10,19
2,100,2,1,h8,10,18
2,100,2,2,h2,10,42
2,100,2,2,h5,10,42
2,100,2,2,h8,10,41
2,100,2,3,h2,10,43
2,100,2,3,h5,10,43
2,100,2,3,h8,10,36
2,100,2,4,h2,10,49
2,100,2,4,h5,10,49
2,100,2,4,h8,10,43
2,100,2,5,h2,10,46
2,100,2,5,h5,10,39
2,100,2,5,h8,10,45
2,100,2,6,h2,10,71
2,100,2,6,h5,10,73
2,100,2,6,h8,10,71
2,100,2,7,h2,10,49
2,100,2,7,h5,10,49
2,100,2,7,h8,10,49
2,100,2,8,h2,10,72
2,100,2,8,h5,10,69
2,100,2,8,h8,10,72
2,100,2,9,h2,10,47
2,100,2,9,h5,10,47
2,100,2,9,h8,10,48
2,200,2,0,h2,10,62
2,200,2,0,h5,10,93
2,200,2,0,h8,10,90
2,200,2,1,h2,10,76
2,200,2,1,h5,10,113
2,200,2,1,h8,10,108
2,200,2,2,h2,10,94
2,200,2,2,h5,10,96
2,200,2,2,h8,10,48
2,200,2,3,h2,10,53
2,200,2,3,h5,10,53
2,200,2,3,h8,10,51
2,200,2,4,h2,10,159
2,200,2,4,h5,10,159
2,200,2,4,h8,10,152
2,200,2,5,h2,10,60
2,200,2,5,h5,10,101
2,200,2,5,h8,10,133
2,200,2,6,h2,10,104
2,200,2,6,h5,10,104
2,200,2,6,h8,10,76
2,200,2,7,h2,10,73
2,200,2,7,h5,10,135
2,200,2,7,h8,10,95
2,200,2,8,h2,10,76
2,200,2,8,h5,10,138
2,200,2,8,h8,10,130
2,200,2,9,h2,10,86
2,200,2,9,h5,10,88
2,200,2,9,h8,10,84
2,50,2,0,h2,10,24
2,50,2,0,h5,10,24
2,50,2,0,h8,10,24
2,50,2,1,h2,10,34
2,50,2,1,h5,10,34
2,50,2,1,h8,10,29
2,50,2,2,h2,10,21
2,50,2,2,h5,10,36
2,50,2,2,h8,10,33
2,50,2,3,h2,10,38
2,50,2,3,h5,10,38
2,50,2,3,h8,10,36
2,50,2,4,h2,10,37
2,50,2,4,h5,10,37
2,50,2,4,h8,10,37
2,50,2,5,h2,10,36
2,50,2,5,h5,10,36
2,50,2,5,h8,10,33
2,50,2,6,h2,10,38
2,50,2,6,h5,10,38
2,50,2,6,h8,10,38
2,50,2,7,h2,10,26
2,50,2,7,h5,10,38
2,50,2,7,h8,10,36
2,50,2,8,h2,10,23
2,50,2,8,h5,10,20
2,50,2,8,h8,10,20
2,50,2,9,h2,10,38
2,50,2,9,h5,10,38
2,50,2,9,h8,10,35
3,100,2,0,h2,10,22
3,100,2,0,h5,10,37
3,100,2,0,h8,10,37
3,100,2,1,h2,10,38
3,100,2,1,h5,10,38
3,100,2,1,h8,10,29
3,100,2,2,h2,10,26
3,100,2,2,h5,10,26
3,100,2,2,h8,10,25
3,100,2,3,h2,10,36
3,100,2,3,h5,10,36
3,100,2,3,h8,10,33
3,100,2,4,h2,10,34
3,100,2,4,h5,10,36
3,100,2,4,h8,10,21
3,100,2,5,h2,10,30
3,100,2,5,h5,10,27
3,100,2,5,h8,10,30
3,100,2,6,h2,10,57
3,100,2,6,h5,10,57
3,100,2,6,h8,10,41
3,100,2,7,h2,10,35
3,100,2,7,h5,10,24
3,100,2,7,h8,10,22
3,100,2,8,h2,10,26
3,100,2,8,h5,10,24
3,100,2,8,h8,10,24
3,100,2,9,h2,10,26
3,100,2,9,h5,10,26
3,100,2,9,h8,10,30
3,200,2,0,h2,10,65
3,200,2,0,h5,10,48
3,200,2,0,h8,10,66
3,200,2,1,h2,10,62
3,200,2,1,h5,10,51
3,200,2,1,h8,10,70
3,200,2,2,h2,10,50
3,200,2,2,h5,10,42
3,200,2,2,h8,10,33
3,200,2,3,h2,10,40
3,200,2,3,h5,10,42
3,200,2,3,h8,10,39
3,200,2,4,h2,10,46
3,200,2,4,h5,10,46
3,200,2,4,h8,10,77
3,200,2,5,h2,10,27
3,200,2,5,h5,10,31
3,200,2,5,h8,10,27
3,200,2,6,h2,10,27
3,200,2,6,h5,10,27
3,200,2,6,h8,10,31
3,200,2,7,h2,10,22
3,200,2,7,h5,10,24
3,200,2,7,h8,10,26
3,200,2,8,h2,10,26
3,200,2,8,h5,10,27
3,200,2,8,h8,10,50
3,200,2,9,h2,10,47
3,200,2,9,h5,10,74
3,200,2,9,h8,10,42
3,50,2,0,h2,10,30
3,50,2,0,h5,10,30
3,50,2,0,h8,10,27
3,50,2,1,h2,10,17
3,50,2,1,h5,10,16
3,50,2,1,h8,10,17
3,50,2,2,h2,10,25
3,50,2,2,h5,10,32
3,50,2,2,h8,10,32
3,50,2,3,h2,10,21
3,50,2,3,h5,10,21
3,50,2,3,h8,10,19
3,50,2,4,h2,10,26
3,50,2,4,h5,10,26
3,50,2,4,h8,10,28
3,50,2,5,h2,10,16
3,50,2,5,h5,10,16
3,50,2,5,h8,10,16
3,50,2,6,h2,10,30
3,50,2,6,h5,10,30
3,50,2,6,h8,10,27
3,50,2,7,h2,10,19
3,50,2,7,h5,10,19
3,50,2,7,h8,10,19
3,50,2,8,h2,10,22
3,50,2,8,h5,10,24
3,50,2,8,h8,10,21
3,50,2,9,h2,10,16
3,50,2,9,h5,10,16
3,50,2,9,h8,10,11
5,100,2,0,h2,10,11
5,100,2,0,h5,10,11
5,100,2,0,h8,10,12
5,100,2,1,h2,10,19
5,100,2,1,h5,10,19
5,100,2,1,h8,10,19
5,100,2,2,h2,10,12
5,100,2,2,h5,10,12
5,100,2,2,h8,10,12
5,100,2,3,h2,10,25
5,100,2,3,h5,10,26
5,100,2,3,h8,10,19
5,100,2,4,h2,10,11
5,100,2,4,h5,10,11
5,100,2,4,h8,10,11
5,100,2,5,h2,10,10
5,100,2,5,h5,10,10
5,100,2,5,h8,10,10
5,100,2,6,h2,10,13
5,100,2,6,h5,10,13
5,100,2,6,h8,10,13
5,100,2,7,h2,10,15
5,100,2,7,h5,10,10
5,100,2,7,h8,10,15
5,100,2,8,h2,10,12
5,100,2,8,h5,10,11
5,100,2,8,h8,10,12
5,100,2,9,h2,10,14
5,100,2,9,h5,10,14
5,100,2,9,h8,10,14
5,200,2,0,h2,10,23
5,200,2,0,h5,10,17
5,200,2,0,h8,10,23
5,200,2,1,h2,10,19
5,200,2,1,h5,10,19
5,200,2,1,h8,10,17
5,200,2,2,h2,10,32
5,200,2,2,h5,10,32
5,200,2,2,h8,10,32
5,200,2,3,h2,10,19
5,200,2,3,h5,10,19
5,200,2,3,h8,10,18
5,200,2,4,h2,10,15
5,200,2,4,h5,10,24
5,200,2,4,h8,10,16
5,200,2,5,h2,10,18
5,200,2,5,h5,10,19
5,200,2,5,h8,10,17
5,200,2,6,h2,10,18
5,200,2,6,h5,10,17
5,200,2,6,h8,10,17
5,200,2,7,h2,10,23
5,200,2,7,h5,10,20
5,200,2,7,h8,10,20
5,200,2,8,h2,10,13
5,200,2,8,h5,10,13
5,200,2,8,h8,10,13
5,200,2,9,h2,10,21
5,200,2,9,h5,10,11
5,200,2,9,h8,10,20
5,50,2,0,h2,10,10
5,50,2,0,h5,10,10
5,50,2,0,h8,10,10
5,50,2,1,h2,10,16
5,50,2,1,h5,10,16
5,50,2,1,h8,10,18
5,50,2,2,h2,10,7
5,50,2,2,h5,10,7
5,50,2,2,h8,10,7
5,50,2,3,h2,10,5
5,50,2,3,h5,10,9
5,50,2,3,h8,10,5
5,50,2,4,h2,10,14
5,50,2,4,h5,10,14
5,50,2,4,h8,10,14
5,50,2,5,h2,10,6
5,50,2,5,h5,10,6
5,50,2,5,h8,10,6
5,50,2,6,h2,10,9
5,50,2,6,h5,10,8
5,50,2,6,h8,10,7
5,50,2,7,h2,10,7
5,50,2,7,h5,10,7
5,50,2,7,h8,10,7
5,50,2,8,h2,10,9
5,50,2,8,h5,10,9
5,50,2,8,h8,10,9
5,50,2,9,h2,10,11
5,50,2,9,h5,10,11
5,50,2,9,h8,10,11
10,100,4,0,h2,10,3
10,100,4,0,h5,10,3
10,100,4,0,h8,10,3
10,100,4,1,h2,10,4
10,100,4,1,h5,10,4
10,100,4,1,h8,10,4
10,100,4,2,h2,10,3
10,100,4,2,h5,10,3
10,100,4,2,h8,10,3
10,100,4,3,h2,10,4
10,100,4,3,h5,10,4
10,100,4,3,h8,10,3
10,100,4,4,h2,10,3
10,100,4,4,h5,10,3
10,100,4,4,h8,10,4
10,100,4,5,h2,10,4
10,100,4,5,h5,10,4
10,100,4,5,h8,10,4
10,100,4,6,h2,10,5
10,100,4,6,h5,10,5
10,100,4,6,h8,10,5
10,100,4,7,h2,10,4
10,100,4,7,h5,10,3
10,100,4,7,h8,10,5
10,100,4,8,h2,10,3
10,100,4,8,h5,10,3
10,100,4,8,h8,10,3
10,100,4,9,h2,10,3
10,100,4,9,h5,10,3
10,100,4,9,h8,10,3
10,200,4,0,h2,10,6
10,200,4,0,h5,10,6
10,200,4,0,h8,10,3
10,200,4,1,h2,10,4
10,200,4,1,h5,10,3
10,200,4,1,h8,10,3
10,200,4,2,h2,10,3
10,200,4,2,h5,10,3
10,200,4,2,h8,10,3
10,200,4,3,h2,10,3
10,200,4,3,h5,10,4
10,200,4,3,h8,10,3
10,200,4,4,h2,10,3
10,200,4,4,h5,10,3
10,200,4,4,h8,10,3
10,200,4,5,h2,10,4
10,200,4,5,h5,10,4
10,200,4,5,h8,10,4
10,200,4,6,h2,10,6
10,200,4,6,h5,10,3
10,200,4,6,h8,10,3
10,200,4,7,h2,10,3
10,200,4,7,h5,10,3
10,200,4,7,h8,10,3
10,200,4,8,h2,10,4
10,200,4,8,h5,10,4
10,200,4,8,h8,10,4
10,200,4,9,h2,10,4
10,200,4,9,h5,10,4
10,200,4,9,h8,10,4
10,50,4,0,h2,10,5
10,50,4,0,h5,10,5
10,50,4,0,h8,10,5
10,50,4,1,h2,10,2
10,50,4,1,h5,10,2
10,50,4,1,h8,10,2
10,50,4,2,h2,10,4
10,50,4,2,h5,10,4
10,50,4,2,h8,10,4
10,50,4,3,h2,10,3
10,50,4,3,h5,10,3
10,50,4,3,h8,10,3
10,50,4,4,h2,10,3
10,50,4,4,h5,10,3
10,50,4,4,h8,10,2
10,50,4,5,h2,10,2
10,50,4,5,h5,10,2
10,50,4,5,h8,10,2
10,50,4,6,h2,10,2
10,50,4,6,h5,10,2
10,50,4,6,h8,10,2
10,50,4,7,h2,10,2
10,50,4,7,h5,10,2
10,50,4,7,h8,10,2
10,50,4,8,h2,10,2
10,50,4,8,h5,10,2
10,50,4,8,h8,10,2
10,50,4,9,h2,10,4
10,50,4,9,h5,10,4
10,50,4,9,h8,10,4
2,100,4,0,h2,10,60
2,100,4,0,h5,10,61
2,100,4,0,h8,10,42
2,100,4,1,h2,10,59
2,100,4,1,h5,10,60
2,100,4,1,h8,10,43
2,100,4,2,h2,10,61
2,100,4,2,h5,10,63
2,100,4,2,h8,10,47
2,100,4,3,h2,10,60
2,100,4,3,h5,10,61
2,100,4,3,h8,10,44
2,100,4,4,h2,10,57
2,100,4,4,h5,10,59
2,100,4,4,h8,10,42
2,100,4,5,h2,10,58
2,100,4,5,h5,10,58
2,100,4,5,h8,10,32
2,100,4,6,h2,10,58
2,100,4,6,h5,10,60
2,100,4,6,h8,10,45
2,100,4,7,h2,10,57
2,100,4,7,h5,10,62
2,100,4,7,h8,10,51
2,100,4,8,h2,10,48
2,100,4,8,h5,10,50
2,100,4,8,h8,10,45
2,100,4,9,h2,10,33
2,100,4,9,h5,10,62
2,100,4,9,h8,10,52
2,200,4,0,h2,10,116
2,200,4,0,h5,10,114
2,200,4,0,h8,10,91
2,200,4,1,h2,10,117
2,200,4,1,h5,10,119
2,200,4,1,h8,10,97
2,200,4,2,h2,10,113
2,200,4,2,h5,10,116
2,200,4,2,h8,10,83
2,200,4,3,h2,10,112
2,200,4,3,h5,10,119
2,200,4,3,h8,10,90
2,200,4,4,h2,10,124
2,200,4,4,h5,10,83
2,200,4,4,h8,10,69
2,200,4,5,h2,10,50
2,200,4,5,h5,10,77
2,200,4,5,h8,10,64
2,200,4,6,h2,10,84
2,200,4,6,h5,10,93
2,200,4,6,h8,10,101
2,200,4,7,h2,10,82
2,200,4,7,h5,10,120
2,200,4,7,h8,10,105
2,200,4,8,h2,10,108
2,200,4,8,h5,10,127
2,200,4,8,h8,10,94
2,200,4,9,h2,10,76
2,200,4,9,h5,10,104
2,200,4,9,h8,10,94
2,50,4,0,h2,10,29
2,50,4,0,h5,10,29
2,50,4,0,h8,10,16
2,50,4,1,h2,10,15
2,50,4,1,h5,10,28
2,50,4,1,h8,10,22
2,50,4,2,h2,10,31
2,50,4,2,h5,10,31
2,50,4,2,h8,10,16
2,50,4,3,h2,10,30
2,50,4,3,h5,10,30
2,50,4,3,h8,10,22
2,50,4,4,h2,10,25
2,50,4,4,h5,10,25
2,50,4,4,h8,10,20
2,50,4,5,h2,10,28
2,50,4,5,h5,10,30
2,50,4,5,h8,10,19
2,50,4,6,h2,10,30
2,50,4,6,h5,10,30
2,50,4,6,h8,10,27
2,50,4,7,h2,10,18
2,50,4,7,h5,10,18
2,50,4,7,h8,10,15
2,50,4,8,h2,10,29
2,50,4,8,h5,10,29
2,50,4,8,h8,10,22
2,50,4,9,h2,10,26
2,50,4,9,h5,10,28
2,50,4,9,h8,10,27
3,100,4,0,h2,10,19
3,100,4,0,h5,10,19
3,100,4,0,h8,10,18
3,100,4,1,h2,10,28
3,100,4,1,h5,10,28
3,100,4,1,h8,10,38
3,100,4,2,h2,10,35
3,100,4,2,h5,10,30
3,100,4,2,h8,10,27
3,100,4,3,h2,10,24
3,100,4,3,h5,10,24
3,100,4,3,h8,10,23
3,100,4,4,h2,10,41
3,100,4,4,h5,10,41
3,100,4,4,h8,10,34
3,100,4,5,h2,10,33
3,100,4,5,h5,10,50
3,100,4,5,h8,10,40
3,100,4,6,h2,10,43
3,100,4,6,h5,10,46
3,100,4,6,h8,10,32
3,100,4,7,h2,10,16
3,100,4,7,h5,10,24
3,100,4,7,h8,10,14
3,100,4,8,h2,10,27
3,100,4,8,h5,10,30
3,100,4,8,h8,10,33
3,100,4,9,h2,10,29
3,100,4,9,h5,10,28
3,100,4,9,h8,10,26
3,200,4,0,h2,10,43
3,200,4,0,h5,10,42
3,200,4,0,h8,10,37
3,200,4,1,h2,10,56
3,200,4,1,h5,10,57
3,200,4,1,h8,10,81
3,200,4,2,h2,10,55
3,200,4,2,h5,10,85
3,200,4,2,h8,10,39
3,200,4,3,h2,10,58
3,200,4,3,h5,10,88
3,200,4,3,h8,10,35
3,200,4,4,h2,10,65
3,200,4,4,h5,10,93
3,200,4,4,h8,10,48
3,200,4,5,h2,10,53
3,200,4,5,h5,10,46
3,200,4,5,h8,10,42
3,200,4,6,h2,10,38
3,200,4,6,h5,10,36
3,200,4,6,h8,10,35
3,200,4,7,h2,10,73
3,200,4,7,h5,10,97
3,200,4,7,h8,10,82
3,200,4,8,h2,10,95
3,200,4,8,h5,10,51
3,200,4,8,h8,10,35
3,200,4,9,h2,10,59
3,200,4,9,h5,10,64
3,200,4,9,h8,10,57
3,50,4,0,h2,10,23
3,50,4,0,h5,10,23
3,50,4,0,h8,10,20
3,50,4,1,h2,10,21
3,50,4,1,h5,10,24
3,50,4,1,h8,10,16
3,50,4,2,h2,10,12
3,50,4,2,h5,10,12
3,50,4,2,h8,10,12
3,50,4,3,h2,10,21
3,50,4,3,h5,10,23
3,50,4,3,h8,10,18
3,50,4,4,h2,10,21
3,50,4,4,h5,10,21
3,50,4,4,h8,10,15
3,50,4,5,h2,10,13
3,50,4,5,h5,10,13
3,50,4,5,h8,10,19
3,50,4,6,h2,10,22
3,50,4,6,h5,10,25
3,50,4,6,h8,10,18
3,50,4,7,h2,10,21
3,50,4,7,h5,10,21
3,50,4,7,h8,10,16
3,50,4,8,h2,10,23
3,50,4,8,h5,10,23
3,50,4,8,h8,10,18
3,50,4,9,h2,10,23
3,50,4,9,h5,10,22
3,50,4,9,h8,10,19
5,100,4,0,h2,10,13
5,100,4,0,h5,10,13
5,100,4,0,h8,10,13
5,100,4,1,h2,10,8
5,100,4,1,h5,10,8
5,100,4,1,h8,10,8
5,100,4,2,h2,10,8
5,100,4,2,h5,10,4
5,100,4,2,h8,10,8
5,100,4,3,h2,10,9
5,100,4,3,h5,10,9
5,100,4,3,h8,10,9
5,100,4,4,h2,10,9
5,100,4,4,h5,10,9
5,100,4,4,h8,10,9
5,100,4,5,h2,10,12
5,100,4,5,h5,10,12
5,100,4,5,h8,10,12
5,100,4,6,h2,10,16
5,100,4,6,h5,10,13
5,100,4,6,h8,10,16
5,100,4,7,h2,10,18
5,100,4,7,h5,10,18
5,100,4,7,h8,10,18
5,100,4,8,h2,10,19
5,100,4,8,h5,10,19
5,100,4,8,h8,10,13
5,100,4,9,h2,10,13
5,100,4,9,h5,10,13
5,100,4,9,h8,10,13
5,200,4,0,h2,10,22
5,200,4,0,h5,10,21
5,200,4,0,h8,10,14
5,200,4,1,h2,10,15
5,200,4,1,h5,10,10
5,200,4,1,h8,10,9
5,200,4,2,h2,10,21
5,200,4,2,h5,10,21
5,200,4,2,h8,10,21
5,200,4,3,h2,10,17
5,200,4,3,h5,10,17
5,200,4,3,h8,10,17
5,200,4,4,h2,10,22
5,200,4,4,h5,10,19
5,200,4,4,h8,10,20
5,200,4,5,h2,10,15
5,200,4,5,h5,10,15
5,200,4,5,h8,10,12
5,200,4,6,h2,10,15
5,200,4,6,h5,10,12
5,200,4,6,h8,10,16
5,200,4,7,h2,10,18
5,200,4,7,h5,10,18
5,200,4,7,h8,10,12
5,200,4,8,h2,10,9
5,200,4,8,h5,10,9
5,200,4,8,h8,10,9
5,200,4,9,h2,10,16
5,200,4,9,h5,10,13
5,200,4,9,h8,10,12
5,50,4,0,h2,10,11
5,50,4,0,h5,10,11
5,50,4,0,h8,10,11
5,50,4,1,h2,10,15
5,50,4,1,h5,10,15
5,50,4,1,h8,10,15
5,50,4,2,h2,10,10
5,50,4,2,h5,10,10
5,50,4,2,h8,10,10
5,50,4,3,h2,10,8
5,50,4,3,h5,10,8
5,50,4,3,h8,10,8
5,50,4,4,h2,10,15
5,50,4,4,h5,10,17
5,50,4,4,h8,10,12
5,50,4,5,h2,10,10
5,50,4,5,h5,10,10
5,50,4,5,h8,10,10
5,50,4,6,h2,10,10
5,50,4,6,h5,10,10
5,50,4,6,h8,10,5
5,50,4,7,h2,10,5
5,50,4,7,h5,10,5
5,50,4,7,h8,10,5
5,50,4,8,h2,10,7
5,50,4,8,h5,10,7
5,50,4,8,h8,10,7
5,50,4,9,h2,10,9
5,50,4,9,h5,10,9
5,50,4,9,h8,10,9
10,100,2,0,h2,100,4
10,100,2,0,h5,100,6
10,100,2,0,h8,100,6
10,100,2,1,h2,100,3
10,100,2,1,h5,100,3
10,100,2,1,h8,100,3
10,100,2,2,h2,100,6
10,100,2,2,h5,100,6
10,100,2,2,h8,100,6
10,100,2,3,h2,100,4
10,100,2,3,h5,100,4
10,100,2,3,h8,100,4
10,100,2,4,h2,100,5
10,100,2,4,h5,100,5
10,100,2,4,h8,100,5
10,100,2,5,h2,100,5
10,100,2,5,h5,100,5
10,100,2,5,h8,100,5
10,100,2,6,h2,100,3
10,100,2,6,h5,100,3
10,100,2,6,h8,100,3
10,100,2,7,h2,100,4
10,100,2,7,h5,100,4
10,100,2,7,h8,100,4
10,100,2,8,h2,100,3
10,100,2,8,h5,100,3
10,100,2,8,h8,100,3
10,100,2,9,h2,100,4
10,100,2,9,h5,100,4
10,100,2,9,h8,100,4
10,200,2,0,h2,100,4
10,200,2,0,h5,100,4
10,200,2,0,h8,100,4
10,200,2,1,h2,100,5
10,200,2,1,h5,100,4
10,200,2,1,h8,100,4
10,200,2,2,h2,100,5
10,200,2,2,h5,100,5
10,200,2,2,h8,100,5
10,200,2,3,h2,100,5
10,200,2,3,h5,100,4
10,200,2,3,h8,100,4
10,200,2,4,h2,100,6
10,200,2,4,h5,100,6
10,200,2,4,h8,100,6
10,200,2,5,h2,100,7
10,200,2,5,h5,100,5
10,200,2,5,h8,100,7
10,200,2,6,h2,100,9
10,200,2,6,h5,100,7
10,200,2,6,h8,100,7
10,200,2,7,h2,100,4
10,200,2,7,h5,100,4
10,200,2,7,h8,100,4
10,200,2,8,h2,100,7
10,200,2,8,h5,100,5
10,200,2,8,h8,100,7
10,200,2,9,h2,100,6
10,200,2,9,h5,100,4
10,200,2,9,h8,100,4
10,50,2,0,h2,100,4
10,50,2,0,h5,100,4
10,50,2,0,h8,100,4
10,50,2,1,h2,100,3
10,50,2,1,h5,100,3
10,50,2,1,h8,100,3
10,50,2,2,h2,100,3
10,50,2,2,h5,100,3
10,50,2,2,h8,100,3
10,50,2,3,h2,100,6
10,50,2,3,h5,100,6
10,50,2,3,h8,100,6
10,50,2,4,h2,100,3
10,50,2,4,h5,100,3
10,50,2,4,h8,100,3
10,50,2,5,h2,100,5
10,50,2,5,h5,100,4
10,50,2,5,h8,100,5
10,50,2,6,h2,100,4
10,50,2,6,h5,100,4
10,50,2,6,h8,100,4
10,50,2,7,h2,100,3
10,50,2,7,h5,100,3
10,50,2,7,h8,100,3
10,50,2,8,h2,100,3
10,50,2,8,h5,100,3
10,50,2,8,h8,100,3
10,50,2,9,h2,100,5
10,50,2,9,h5,100,5
10,50,2,9,h8,100,5
2,100,2,0,h2,100,71
2,100,2,0,h5,100,71
2,100,2,0,h8,100,66
2,100,2,1,h2,100,19
2,100,2,1,h5,100,33
2,100,2,1,h8,100,19
2,100,2,2,h2,100,70
2,100,2,2,h5,100,70
2,100,2,2,h8,100,66
2,100,2,3,h2,100,43
2,100,2,3,h5,100,78
2,100,2,3,h8,100,71
2,100,2,4,h2,100,52
2,100,2,4,h5,100,52
2,100,2,4,h8,100,45
2,100,2,5,h2,100,62
2,100,2,5,h5,100,62
2,100,2,5,h8,100,60
2,100,2,6,h2,100,71
2,100,2,6,h5,100,74
2,100,2,6,h8,100,68
2,100,2,7,h2,100,51
2,100,2,7,h5,100,51
2,100,2,7,h8,100,51
2,100,2,8,h2,100,72
2,100,2,8,h5,100,72
2,100,2,8,h8,100,71
2,100,2,9,h2,100,62
2,100,2,9,h5,100,62
2,100,2,9,h8,100,62
2,200,2,0,h2,100,86
2,200,2,0,h5,100,93
2,200,2,0,h8,100,82
2,200,2,1,h2,100,110
2,200,2,1,h5,100,113
2,200,2,1,h8,100,110
2,200,2,2,h2,100,96
2,200,2,2,h5,100,96
2,200,2,2,h8,100,47
2,200,2,3,h2,100,55
2,200,2,3,h5,100,90
2,200,2,3,h8,100,46
2,200,2,4,h2,100,158
2,200,2,4,h5,100,159
2,200,2,4,h8,100,152
2,200,2,5,h2,100,99
2,200,2,5,h5,100,102
2,200,2,5,h8,100,134
2,200,2,6,h2,100,104
2,200,2,6,h5,100,143
2,200,2,6,h8,100,99
2,200,2,7,h2,100,75
2,200,2,7,h5,100,155
2,200,2,7,h8,100,138
2,200,2,8,h2,100,76
2,200,2,8,h5,100,138
2,200,2,8,h8,100,132
2,200,2,9,h2,100,86
2,200,2,9,h5,100,88
2,200,2,9,h8,100,101
2,50,2,0,h2,100,24
2,50,2,0,h5,100,24
2,50,2,0,h8,100,24
2,50,2,1,h2,100,34
2,50,2,1,h5,100,34
2,50,2,1,h8,100,29
2,50,2,2,h2,100,36
2,50,2,2,h5,100,36
2,50,2,2,h8,100,36
2,50,2,3,h2,100,38
2,50,2,3,h5,100,38
2,50,2,3,h8,100,38
2,50,2,4,h2,100,37
2,50,2,4,h5,100,37
2,50,2,4,h8,100,37
2,50,2,5,h2,100,36
2,50,2,5,h5,100,36
2,50,2,5,h8,100,36
2,50,2,6,h2,100,38
2,50,2,6,h5,100,38
2,50,2,6,h8,100,38
2,50,2,7,h2,100,38
2,50,2,7,h5,100,38
2,50,2,7,h8,100,38
2,50,2,8,h2,100,20
2,50,2,8,h5,100,20
2,50,2,8,h8,100,20
2,50,2,9,h2,100,38
2,50,2,9,h5,100,38
2,50,2,9,h8,100,37
3,100,2,0,h2,100,37
3,100,2,0,h5,100,37
3,100,2,0,h8,100,37
3,100,2,1,h2,100,32
3,100,2,1,h5,100,32
3,100,2,1,h8,100,42
3,100,2,2,h2,100,27
3,100,2,2,h5,100,27
3,100,2,2,h8,100,27
3,100,2,3,h2,100,42
3,100,2,3,h5,100,42
3,100,2,3,h8,100,33
3,100,2,4,h2,100,48
3,100,2,4,h5,100,48
3,100,2,4,h8,100,47
3,100,2,5,h2,100,30
3,100,2,5,h5,100,30
3,100,2,5,h8,100,35
3,100,2,6,h2,100,57
3,100,2,6,h5,100,57
3,100,2,6,h8,100,53
3,100,2,7,h2,100,35
3,100,2,7,h5,100,35
3,100,2,7,h8,100,24
3,100,2,8,h2,100,26
3,100,2,8,h5,100,26
3,100,2,8,h8,100,26
3,100,2,9,h2,100,42
3,100,2,9,h5,100,42
3,100,2,9,h8,100,38
3,200,2,0,h2,100,68
3,200,2,0,h5,100,69
3,200,2,0,h8,100,66
3,200,2,1,h2,100,62
3,200,2,1,h5,100,74
3,200,2,1,h8,100,81
3,200,2,2,h2,100,88
3,200,2,2,h5,100,90
3,200,2,2,h8,100,33
3,200,2,3,h2,100,40
3,200,2,3,h5,100,40
3,200,2,3,h8,100,40
3,200,2,4,h2,100,91
3,200,2,4,h5,100,87
3,200,2,4,h8,100,76
3,200,2,5,h2,100,36
3,200,2,5,h5,100,31
3,200,2,5,h8,100,36
3,200,2,6,h2,100,24
3,200,2,6,h5,100,24
3,200,2,6,h8,100,24
3,200,2,7,h2,100,27
3,200,2,7,h5,100,27
3,200,2,7,h8,100,27
3,200,2,8,h2,100,60
3,200,2,8,h5,100,50
3,200,2,8,h8,100,50
3,200,2,9,h2,100,76
3,200,2,9,h5,100,76
3,200,2,9,h8,100,42
3,50,2,0,h2,100,30
3,50,2,0,h5,100,30
3,50,2,0,h8,100,27
3,50,2,1,h2,100,17
3,50,2,1,h5,100,17
3,50,2,1,h8,100,17
3,50,2,2,h2,100,32
3,50,2,2,h5,100,32
3,50,2,2,h8,100,33
3,50,2,3,h2,100,21
3,50,2,3,h5,100,21
3,50,2,3,h8,100,21
3,50,2,4,h2,100,33
3,50,2,4,h5,100,33
3,50,2,4,h8,100,33
3,50,2,5,h2,100,16
3,50,2,5,h5,100,16
3,50,2,5,h8,100,16
3,50,2,6,h2,100,30
3,50,2,6,h5,100,30
3,50,2,6,h8,100,30
3,50,2,7,h2,100,19
3,50,2,7,h5,100,19
3,50,2,7,h8,100,19
3,50,2,8,h2,100,24
3,50,2,8,h5,100,24
3,50,2,8,h8,100,22
3,50,2,9,h2,100,12
3,50,2,9,h5,100,12
3,50,2,9,h8,100,12
5,100,2,0,h2,100,11
5,100,2,0,h5,100,11
5,100,2,0,h8,100,12
5,100,2,1,h2,100,19
5,100,2,1,h5,100,19
5,100,2,1,h8,100,19
5,100,2,2,h2,100,12
5,100,2,2,h5,100,12
5,100,2,2,h8,100,12
5,100,2,3,h2,100,25
5,100,2,3,h5,100,26
5,100,2,3,h8,100,19
5,100,2,4,h2,100,11
5,100,2,4,h5,100,11
5,100,2,4,h8,100,11
5,100,2,5,h2,100,10
5,100,2,5,h5,100,10
5,100,2,5,h8,100,10
5,100,2,6,h2,100,13
5,100,2,6,h5,100,13
5,100,2,6,h8,100,13
5,100,2,7,h2,100,15
5,100,2,7,h5,100,10
5,100,2,7,h8,100,15
5,100,2,8,h2,100,12
5,100,2,8,h5,100,11
5,100,2,8,h8,100,12
5,100,2,9,h2,100,14
5,100,2,9,h5,100,14
5,100,2,9,h8,100,14
5,200,2,0,h2,100,23
5,200,2,0,h5,100,17
5,200,2,0,h8,100,23
5,200,2,1,h2,100,19
5,200,2,1,h5,100,19
5,200,2,1,h8,100,17
5,200,2,2,h2,100,32
5,200,2,2,h5,100,32
5,200,2,2,h8,100,32
5,200,2,3,h2,100,22
5,200,2,3,h5,100,22
5,200,2,3,h8,100,22
5,200,2,4,h2,100,15
5,200,2,4,h5,100,24
5,200,2,4,h8,100,16
5,200,2,5,h2,100,18
5,200,2,5,h5,100,22
5,200,2,5,h8,100,18
5,200,2,6,h2,100,18
5,200,2,6,h5,100,19
5,200,2,6,h8,100,18
5,200,2,7,h2,100,20
5,200,2,7,h5,100,20
5,200,2,7,h8,100,18
5,200,2,8,h2,100,13
5,200,2,8,h5,100,13
5,200,2,8,h8,100,13
5,200,2,9,h2,100,21
5,200,2,9,h5,100,11
5,200,2,9,h8,100,21
5,50,2,0,h2,100,10
5,50,2,0,h5,100,10
5,50,2,0,h8,100,10
5,50,2,1,h2,100,18
5,50,2,1,h5,100,18
5,50,2,1,h8,100,18
5,50,2,2,h2,100,7
5,50,2,2,h5,100,7
5,50,2,2,h8,100,7
5,50,2,3,h2,100,5
5,50,2,3,h5,100,9
5,50,2,3,h8,100,5
5,50,2,4,h2,100,14
5,50,2,4,h5,100,14
5,50,2,4,h8,100,14
5,50,2,5,h2,100,6
5,50,2,5,h5,100,6
5,50,2,5,h8,100,6
5,50,2,6,h2,100,9
5,50,2,6,h5,100,8
5,50,2,6,h8,100,7
5,50,2,7,h2,100,7
5,50,2,7,h5,100,7
5,50,2,7,h8,100,7
5,50,2,8,h2,100,9
5,50,2,8,h5,100,9
5,50,2,8,h8,100,9
5,50,2,9,h2,100,11
5,50,2,9,h5,100,11
5,50,2,9,h8,100,11
10,100,4,0,h2,100,3
10,100,4,0,h5,100,3
10,100,4,0,h8,100,3
10,100,4,1,h2,100,4
10,100,4,1,h5,100,4
10,100,4,1,h8,100,4
10,100,4,2,h2,100,3
10,100,4,2,h5,100,3
10,100,4,2,h8,100,3
10,100,4,3,h2,100,4
10,100,4,3,h5,100,4
10,100,4,3,h8,100,3
10,100,4,4,h2,100,3
10,100,4,4,h5,100,3
10,100,4,4,h8,100,4
10,100,4,5,h2,100,4
10,100,4,5,h5,100,4
10,100,4,5,h8,100,4
10,100,4,6,h2,100,5
10,100,4,6,h5,100,5
10,100,4,6,h8,100,5
10,100,4,7,h2,100,4
10,100,4,7,h5,100,3
10,100,4,7,h8,100,5
10,100,4,8,h2,100,3
10,100,4,8,h5,100,3
10,100,4,8,h8,100,3
10,100,4,9,h2,100,3
10,100,4,9,h5,100,3
10,100,4,9,h8,100,3
10,200,4,0,h2,100,6
10,200,4,0,h5,100,6
10,200,4,0,h8,100,3
10,200,4,1,h2,100,4
10,200,4,1,h5,100,3
10,200,4,1,h8,100,3
10,200,4,2,h2,100,3
10,200,4,2,h5,100,3
10,200,4,2,h8,100,3
10,200,4,3,h2,100,3
10,200,4,3,h5,100,4
10,200,4,3,h8,100,3
10,200,4,4,h2,100,3
10,200,4,4,h5,100,3
10,200,4,4,h8,100,3
10,200,4,5,h2,100,4
10,200,4,5,h5,100,4
10,200,4,5,h8,100,4
10,200,4,6,h2,100,6
10,200,4,6,h5,100,3
10,200,4,6,h8,100,3
10,200,4,7,h2,100,3
10,200,4,7,h5,100,3
10,200,4,7,h8,100,3
10,200,4,8,h2,100,4
10,200,4,8,h5,100,4
10,200,4,8,h8,100,4
10,200,4,9,h2,100,4
10,200,4,9,h5,100,4
10,200,4,9,h8,100,4
10,50,4,0,h2,100,5
10,50,4,0,h5,100,5
10,50,4,0,h8,100,5
10,50,4,1,h2,100,2
10,50,4,1,h5,100,2
10,50,4,1,h8,100,2
10,50,4,2,h2,100,4
10,50,4,2,h5,100,4
10,50,4,2,h8,100,4
10,50,4,3,h2,100,3
10,50,4,3,h5,100,3
10,50,4,3,h8,100,3
10,50,4,4,h2,100,3
10,50,4,4,h5,100,3
10,50,4,4,h8,100,2
10,50,4,5,h2,100,2
10,50,4,5,h5,100,2
10,50,4,5,h8,100,2
10,50,4,6,h2,100,2
10,50,4,6,h5,100,2
10,50,4,6,h8,100,2
10,50,4,7,h2,100,2
10,50,4,7,h5,100,2
10,50,4,7,h8,100,2
10,50,4,8,h2,100,2
10,50,4,8,h5,100,2
10,50,4,8,h8,100,2
10,50,4,9,h2,100,4
10,50,4,9,h5,100,4
10,50,4,9,h8,100,4
2,100,4,0,h2,100,61
2,100,4,0,h5,100,61
2,100,4,0,h8,100,43
2,100,4,1,h2,100,61
2,100,4,1,h5,100,60
2,100,4,1,h8,100,44
2,100,4,2,h2,100,61
2,100,4,2,h5,100,64
2,100,4,2,h8,100,43
2,100,4,3,h2,100,61
2,100,4,3,h5,100,61
2,100,4,3,h8,100,49
2,100,4,4,h2,100,59
2,100,4,4,h5,100,62
2,100,4,4,h8,100,41
2,100,4,5,h2,100,60
2,100,4,5,h5,100,60
2,100,4,5,h8,100,31
2,100,4,6,h2,100,60
2,100,4,6,h5,100,60
2,100,4,6,h8,100,39
2,100,4,7,h2,100,58
2,100,4,7,h5,100,62
2,100,4,7,h8,100,43
2,100,4,8,h2,100,57
2,100,4,8,h5,100,62
2,100,4,8,h8,100,44
2,100,4,9,h2,100,61
2,100,4,9,h5,100,62
2,100,4,9,h8,100,44
2,200,4,0,h2,100,117
2,200,4,0,h5,100,114
2,200,4,0,h8,100,94
2,200,4,1,h2,100,119
2,200,4,1,h5,100,116
2,200,4,1,h8,100,95
2,200,4,2,h2,100,121
2,200,4,2,h5,100,123
2,200,4,2,h8,100,102
2,200,4,3,h2,100,117
2,200,4,3,h5,100,119
2,200,4,3,h8,100,107
2,200,4,4,h2,100,124
2,200,4,4,h5,100,83
2,200,4,4,h8,100,69
2,200,4,5,h2,100,51
2,200,4,5,h5,100,77
2,200,4,5,h8,100,63
2,200,4,6,h2,100,86
2,200,4,6,h5,100,93
2,200,4,6,h8,100,96
2,200,4,7,h2,100,121
2,200,4,7,h5,100,120
2,200,4,7,h8,100,106
2,200,4,8,h2,100,110
2,200,4,8,h5,100,129
2,200,4,8,h8,100,79
2,200,4,9,h2,100,76
2,200,4,9,h5,100,104
2,200,4,9,h8,100,93
2,50,4,0,h2,100,29
2,50,4,0,h5,100,29
2,50,4,0,h8,100,20
2,50,4,1,h2,100,31
2,50,4,1,h5,100,31
2,50,4,1,h8,100,22
2,50,4,2,h2,100,31
2,50,4,2,h5,100,31
2,50,4,2,h8,100,20
2,50,4,3,h2,100,30
2,50,4,3,h5,100,30
2,50,4,3,h8,100,22
2,50,4,4,h2,100,32
2,50,4,4,h5,100,32
2,50,4,4,h8,100,21
2,50,4,5,h2,100,28
2,50,4,5,h5,100,30
2,50,4,5,h8,100,23
2,50,4,6,h2,100,30
2,50,4,6,h5,100,30
2,50,4,6,h8,100,26
2,50,4,7,h2,100,30
2,50,4,7,h5,100,30
2,50,4,7,h8,100,20
2,50,4,8,h2,100,30
2,50,4,8,h5,100,30
2,50,4,8,h8,100,24
2,50,4,9,h2,100,28
2,50,4,9,h5,100,28
2,50,4,9,h8,100,27
3,100,4,0,h2,100,19
3,100,4,0,h5,100,19
3,100,4,0,h8,100,19
3,100,4,1,h2,100,44
3,100,4,1,h5,100,44
3,100,4,1,h8,100,39
3,100,4,2,h2,100,47
3,100,4,2,h5,100,30
3,100,4,2,h8,100,36
3,100,4,3,h2,100,27
3,100,4,3,h5,100,27
3,100,4,3,h8,100,24
3,100,4,4,h2,100,43
3,100,4,4,h5,100,43
3,100,4,4,h8,100,40
3,100,4,5,h2,100,49
3,100,4,5,h5,100,50
3,100,4,5,h8,100,44
3,100,4,6,h2,100,44
3,100,4,6,h5,100,47
3,100,4,6,h8,100,31
3,100,4,7,h2,100,24
3,100,4,7,h5,100,24
3,100,4,7,h8,100,23
3,100,4,8,h2,100,30
3,100,4,8,h5,100,30
3,100,4,8,h8,100,33
3,100,4,9,h2,100,29
3,100,4,9,h5,100,29
3,100,4,9,h8,100,23
3,200,4,0,h2,100,84
3,200,4,0,h5,100,85
3,200,4,0,h8,100,81
3,200,4,1,h2,100,58
3,200,4,1,h5,100,93
3,200,4,1,h8,100,78
3,200,4,2,h2,100,94
3,200,4,2,h5,100,98
3,200,4,2,h8,100,86
3,200,4,3,h2,100,61
3,200,4,3,h5,100,90
3,200,4,3,h8,100,85
3,200,4,4,h2,100,93
3,200,4,4,h5,100,98
3,200,4,4,h8,100,48
3,200,4,5,h2,100,46
3,200,4,5,h5,100,46
3,200,4,5,h8,100,47
3,200,4,6,h2,100,38
3,200,4,6,h5,100,41
3,200,4,6,h8,100,40
3,200,4,7,h2,100,99
3,200,4,7,h5,100,99
3,200,4,7,h8,100,56
3,200,4,8,h2,100,97
3,200,4,8,h5,100,47
3,200,4,8,h8,100,39
3,200,4,9,h2,100,60
3,200,4,9,h5,100,65
3,200,4,9,h8,100,53
3,50,4,0,h2,100,23
3,50,4,0,h5,100,23
3,50,4,0,h8,100,20
3,50,4,1,h2,100,24
3,50,4,1,h5,100,24
3,50,4,1,h8,100,16
3,50,4,2,h2,100,12
3,50,4,2,h5,100,12
3,50,4,2,h8,100,12
3,50,4,3,h2,100,23
3,50,4,3,h5,100,23
3,50,4,3,h8,100,23
3,50,4,4,h2,100,22
3,50,4,4,h5,100,22
3,50,4,4,h8,100,19
3,50,4,5,h2,100,20
3,50,4,5,h5,100,20
3,50,4,5,h8,100,20
3,50,4,6,h2,100,25
3,50,4,6,h5,100,25
3,50,4,6,h8,100,19
3,50,4,7,h2,100,21
3,50,4,7,h5,100,21
3,50,4,7,h8,100,17
3,50,4,8,h2,100,24
3,50,4,8,h5,100,24
3,50,4,8,h8,100,20
3,50,4,9,h2,100,23
3,50,4,9,h5,100,23
3,50,4,9,h8,100,22
5,100,4,0,h2,100,13
5,100,4,0,h5,100,13
5,100,4,0,h8,100,13
5,100,4,1,h2,100,8
5,100,4,1,h5,100,8
5,100,4,1,h8,100,8
5,100,4,2,h2,100,8
5,100,4,2,h5,100,4
5,100,4,2,h8,100,8
5,100,4,3,h2,100,9
5,100,4,3,h5,100,9
5,100,4,3,h8,100,9
5,100,4,4,h2,100,9
5,100,4,4,h5,100,9
5,100,4,4,h8,100,9
5,100,4,5,h2,100,12
5,100,4,5,h5,100,12
5,100,4,5,h8,100,12
5,100,4,6,h2,100,16
5,100,4,6,h5,100,16
5,100,4,6,h8,100,16
5,100,4,7,h2,100,18
5,100,4,7,h5,100,18
5,100,4,7,h8,100,18
5,100,4,8,h2,100,19
5,100,4,8,h5,100,19
5,100,4,8,h8,100,19
5,100,4,9,h2,100,13
5,100,4,9,h5,100,13
5,100,4,9,h8,100,13
5,200,4,0,h2,100,22
5,200,4,0,h5,100,21
5,200,4,0,h8,100,21
5,200,4,1,h2,100,15
5,200,4,1,h5,100,10
5,200,4,1,h8,100,9
5,200,4,2,h2,100,21
5,200,4,2,h5,100,21
5,200,4,2,h8,100,21
5,200,4,3,h2,100,17
5,200,4,3,h5,100,17
5,200,4,3,h8,100,17
5,200,4,4,h2,100,20
5,200,4,4,h5,100,20
5,200,4,4,h8,100,20
5,200,4,5,h2,100,15
5,200,4,5,h5,100,15
5,200,4,5,h8,100,15
5,200,4,6,h2,100,16
5,200,4,6,h5,100,14
5,200,4,6,h8,100,16
5,200,4,7,h2,100,18
5,200,4,7,h5,100,18
5,200,4,7,h8,100,12
5,200,4,8,h2,100,9
5,200,4,8,h5,100,9
5,200,4,8,h8,100,9
5,200,4,9,h2,100,16
5,200,4,9,h5,100,13
5,200,4,9,h8,100,12
5,50,4,0,h2,100,11
5,50,4,0,h5,100,11
5,50,4,0,h8,100,11
5,50,4,1,h2,100,15
5,50,4,1,h5,100,15
5,50,4,1,h8,100,15
5,50,4,2,h2,100,10
5,50,4,2,h5,100,10
5,50,4,2,h8,100,10
5,50,4,3,h2,100,8
5,50,4,3,h5,100,8
5,50,4,3,h8,100,8
5,50,4,4,h2,100,17
5,50,4,4,h5,100,17
5,50,4,4,h8,100,17
5,50,4,5,h2,100,10
5,50,4,5,h5,100,10
5,50,4,5,h8,100,10
5,50,4,6,h2,100,10
5,50,4,6,h5,100,10
5,50,4,6,h8,100,5
5,50,4,7,h2,100,5
5,50,4,7,h5,100,5
5,50,4,7,h8,100,5
5,50,4,8,h2,100,7
5,50,4,8,h5,100,7
5,50,4,8,h8,100,7
5,50,4,9,h2,100,9
5,50,4,9,h5,100,9
5,50,4,9,h8,100,9
10,100,2,0,h2,500,4
10,100,2,0,h5,500,6
10,100,2,0,h8,500,6
10,100,2,1,h2,500,3
10,100,2,1,h5,500,3
10,100,2,1,h8,500,3
10,100,2,2,h2,500,6
10,100,2,2,h5,500,6
10,100,2,2,h8,500,6
10,100,2,3,h2,500,4
10,100,2,3,h5,500,4
10,100,2,3,h8,500,4
10,100,2,4,h2,500,5
10,100,2,4,h5,500,5
10,100,2,4,h8,500,5
10,100,2,5,h2,500,5
10,100,2,5,h5,500,5
10,100,2,5,h8,500,5
10,100,2,6,h2,500,3
10,100,2,6,h5,500,3
10,100,2,6,h8,500,3
10,100,2,7,h2,500,4
10,100,2,7,h5,500,4
10,100,2,7,h8,500,4
10,100,2,8,h2,500,3
10,100,2,8,h5,500,3
10,100,2,8,h8,500,3
10,100,2,9,h2,500,4
10,100,2,9,h5,500,4
10,100,2,9,h8,500,4
10,200,2,0,h2,500,4
10,200,2,0,h5,500,4
10,200,2,0,h8,500,4
10,200,2,1,h2,500,5
10,200,2,1,h5,500,4
10,200,2,1,h8,500,4
10,200,2,2,h2,500,5
10,200,2,2,h5,500,5
10,200,2,2,h8,500,5
10,200,2,3,h2,500,5
10,200,2,3,h5,500,4
10,200,2,3,h8,500,4
10,200,2,4,h2,500,6
10,200,2,4,h5,500,6
10,200,2,4,h8,500,6
10,200,2,5,h2,500,7
10,200,2,5,h5,500,5
10,200,2,5,h8,500,7
10,200,2,6,h2,500,9
10,200,2,6,h5,500,7
10,200,2,6,h8,500,7
10,200,2,7,h2,500,4
10,200,2,7,h5,500,4
10,200,2,7,h8,500,4
10,200,2,8,h2,500,7
10,200,2,8,h5,500,5
10,200,2,8,h8,500,7
10,200,2,9,h2,500,6
10,200,2,9,h5,500,4
10,200,2,9,h8,500,4
10,50,2,0,h2,500,4
10,50,2,0,h5,500,4
10,50,2,0,h8,500,4
10,50,2,1,h2,500,3
10,50,2,1,h5,500,3
10,50,2,1,h8,500,3
10,50,2,2,h2,500,3
10,50,2,2,h5,500,3
10,50,2,2,h8,500,3
10,50,2,3,h2,500,6
10,50,2,3,h5,500,6
10,50,2,3,h8,500,6
10,50,2,4,h2,500,3
10,50,2,4,h5,500,3
10,50,2,4,h8,500,3
10,50,2,5,h2,500,5
10,50,2,5,h5,500,4
10,50,2,5,h8,500,5
10,50,2,6,h2,500,4
10,50,2,6,h5,500,4
10,50,2,6,h8,500,4
10,50,2,7,h2,500,3
10,50,2,7,h5,500,3
10,50,2,7,h8,500,3
10,50,2,8,h2,500,3
10,50,2,8,h5,500,3
10,50,2,8,h8,500,3
10,50,2,9,h2,500,5
10,50,2,9,h5,500,5
10,50,2,9,h8,500,5
2,100,2,0,h2,500,71
2,100,2,0,h5,500,71
2,100,2,0,h8,500,65
2,100,2,1,h2,500,33
2,100,2,1,h5,500,33
2,100,2,1,h8,500,33
2,100,2,2,h2,500,70
2,100,2,2,h5,500,70
2,100,2,2,h8,500,66
2,100,2,3,h2,500,78
2,100,2,3,h5,500,78
2,100,2,3,h8,500,69
2,100,2,4,h2,500,52
2,100,2,4,h5,500,52
2,100,2,4,h8,500,44
2,100,2,5,h2,500,62
2,100,2,5,h5,500,62
2,100,2,5,h8,500,60
2,100,2,6,h2,500,73
2,100,2,6,h5,500,74
2,100,2,6,h8,500,66
2,100,2,7,h2,500,55
2,100,2,7,h5,500,55
2,100,2,7,h8,500,52
2,100,2,8,h2,500,74
2,100,2,8,h5,500,74
2,100,2,8,h8,500,71
2,100,2,9,h2,500,62
2,100,2,9,h5,500,62
2,100,2,9,h8,500,62
2,200,2,0,h2,500,87
2,200,2,0,h5,500,87
2,200,2,0,h8,500,88
2,200,2,1,h2,500,113
2,200,2,1,h5,500,113
2,200,2,1,h8,500,111
2,200,2,2,h2,500,96
2,200,2,2,h5,500,96
2,200,2,2,h8,500,91
2,200,2,3,h2,500,86
2,200,2,3,h5,500,98
2,200,2,3,h8,500,133
2,200,2,4,h2,500,158
2,200,2,4,h5,500,159
2,200,2,4,h8,500,142
2,200,2,5,h2,500,103
2,200,2,5,h5,500,103
2,200,2,5,h8,500,98
2,200,2,6,h2,500,104
2,200,2,6,h5,500,143
2,200,2,6,h8,500,100
2,200,2,7,h2,500,154
2,200,2,7,h5,500,155
2,200,2,7,h8,500,145
2,200,2,8,h2,500,76
2,200,2,8,h5,500,138
2,200,2,8,h8,500,69
2,200,2,9,h2,500,86
2,200,2,9,h5,500,92
2,200,2,9,h8,500,100
2,50,2,0,h2,500,24
2,50,2,0,h5,500,24
2,50,2,0,h8,500,24
2,50,2,1,h2,500,36
2,50,2,1,h5,500,36
2,50,2,1,h8,500,36
2,50,2,2,h2,500,36
2,50,2,2,h5,500,36
2,50,2,2,h8,500,36
2,50,2,3,h2,500,38
2,50,2,3,h5,500,38
2,50,2,3,h8,500,38
2,50,2,4,h2,500,37
2,50,2,4,h5,500,37
2,50,2,4,h8,500,37
2,50,2,5,h2,500,36
2,50,2,5,h5,500,36
2,50,2,5,h8,500,36
2,50,2,6,h2,500,38
2,50,2,6,h5,500,38
2,50,2,6,h8,500,38
2,50,2,7,h2,500,38
2,50,2,7,h5,500,38
2,50,2,7,h8,500,38
2,50,2,8,h2,500,20
2,50,2,8,h5,500,20
2,50,2,8,h8,500,20
2,50,2,9,h2,500,38
2,50,2,9,h5,500,38
2,50,2,9,h8,500,38
3,100,2,0,h2,500,37
3,100,2,0,h5,500,37
3,100,2,0,h8,500,37
3,100,2,1,h2,500,32
3,100,2,1,h5,500,32
3,100,2,1,h8,500,42
3,100,2,2,h2,500,27
3,100,2,2,h5,500,27
3,100,2,2,h8,500,27
3,100,2,3,h2,500,42
3,100,2,3,h5,500,42
3,100,2,3,h8,500,42
3,100,2,4,h2,500,48
3,100,2,4,h5,500,48
3,100,2,4,h8,500,48
3,100,2,5,h2,500,30
3,100,2,5,h5,500,30
3,100,2,5,h8,500,30
3,100,2,6,h2,500,57
3,100,2,6,h5,500,57
3,100,2,6,h8,500,54
3,100,2,7,h2,500,35
3,100,2,7,h5,500,35
3,100,2,7,h8,500,35
3,100,2,8,h2,500,26
3,100,2,8,h5,500,26
3,100,2,8,h8,500,26
3,100,2,9,h2,500,42
3,100,2,9,h5,500,42
3,100,2,9,h8,500,40
3,200,2,0,h2,500,70
3,200,2,0,h5,500,70
3,200,2,0,h8,500,65
3,200,2,1,h2,500,85
3,200,2,1,h5,500,85
3,200,2,1,h8,500,71
3,200,2,2,h2,500,88
3,200,2,2,h5,500,90
3,200,2,2,h8,500,37
3,200,2,3,h2,500,40
3,200,2,3,h5,500,40
3,200,2,3,h8,500,40
3,200,2,4,h2,500,87
3,200,2,4,h5,500,87
3,200,2,4,h8,500,76
3,200,2,5,h2,500,36
3,200,2,5,h5,500,31
3,200,2,5,h8,500,36
3,200,2,6,h2,500,24
3,200,2,6,h5,500,24
3,200,2,6,h8,500,24
3,200,2,7,h2,500,27
3,200,2,7,h5,500,27
3,200,2,7,h8,500,27
3,200,2,8,h2,500,50
3,200,2,8,h5,500,50
3,200,2,8,h8,500,50
3,200,2,9,h2,500,76
3,200,2,9,h5,500,76
3,200,2,9,h8,500,72
3,50,2,0,h2,500,30
3,50,2,0,h5,500,30
3,50,2,0,h8,500,30
3,50,2,1,h2,500,17
3,50,2,1,h5,500,17
3,50,2,1,h8,500,17
3,50,2,2,h2,500,34
3,50,2,2,h5,500,34
3,50,2,2,h8,500,34
3,50,2,3,h2,500,21
3,50,2,3,h5,500,21
3,50,2,3,h8,500,21
3,50,2,4,h2,500,33
3,50,2,4,h5,500,33
3,50,2,4,h8,500,33
3,50,2,5,h2,500,16
3,50,2,5,h5,500,16
3,50,2,5,h8,500,16
3,50,2,6,h2,500,30
3,50,2,6,h5,500,30
3,50,2,6,h8,500,30
3,50,2,7,h2,500,19
3,50,2,7,h5,500,19
3,50,2,7,h8,500,19
3,50,2,8,h2,500,24
3,50,2,8,h5,500,24
3,50,2,8,h8,500,24
3,50,2,9,h2,500,12
3,50,2,9,h5,500,12
3,50,2,9,h8,500,12
5,100,2,0,h2,500,11
5,100,2,0,h5,500,11
5,100,2,0,h8,500,12
5,100,2,1,h2,500,19
5,100,2,1,h5,500,19
5,100,2,1,h8,500,19
5,100,2,2,h2,500,12
5,100,2,2,h5,500,12
5,100,2,2,h8,500,12
5,100,2,3,h2,500,25
5,100,2,3,h5,500,26
5,100,2,3,h8,500,19
5,100,2,4,h2,500,11
5,100,2,4,h5,500,11
5,100,2,4,h8,500,11
5,100,2,5,h2,500,10
5,100,2,5,h5,500,10
5,100,2,5,h8,500,10
5,100,2,6,h2,500,13
5,100,2,6,h5,500,13
5,100,2,6,h8,500,13
5,100,2,7,h2,500,15
5,100,2,7,h5,500,10
5,100,2,7,h8,500,15
5,100,2,8,h2,500,12
5,100,2,8,h5,500,11
5,100,2,8,h8,500,12
5,100,2,9,h2,500,14
5,100,2,9,h5,500,14
5,100,2,9,h8,500,14
5,200,2,0,h2,500,23
5,200,2,0,h5,500,17
5,200,2,0,h8,500,23
5,200,2,1,h2,500,19
5,200,2,1,h5,500,19
5,200,2,1,h8,500,17
5,200,2,2,h2,500,32
5,200,2,2,h5,500,32
5,200,2,2,h8,500,32
5,200,2,3,h2,500,22
5,200,2,3,h5,500,22
5,200,2,3,h8,500,22
5,200,2,4,h2,500,15
5,200,2,4,h5,500,24
5,200,2,4,h8,500,16
5,200,2,5,h2,500,18
5,200,2,5,h5,500,22
5,200,2,5,h8,500,18
5,200,2,6,h2,500,18
5,200,2,6,h5,500,19
5,200,2,6,h8,500,18
5,200,2,7,h2,500,20
5,200,2,7,h5,500,20
5,200,2,7,h8,500,18
5,200,2,8,h2,500,13
5,200,2,8,h5,500,13
5,200,2,8,h8,500,13
5,200,2,9,h2,500,21
5,200,2,9,h5,500,11
5,200,2,9,h8,500,21
5,50,2,0,h2,500,10
5,50,2,0,h5,500,10
5,50,2,0,h8,500,10
5,50,2,1,h2,500,18
5,50,2,1,h5,500,18
5,50,2,1,h8,500,18
5,50,2,2,h2,500,7
5,50,2,2,h5,500,7
5,50,2,2,h8,500,7
5,50,2,3,h2,500,5
5,50,2,3,h5,500,9
5,50,2,3,h8,500,5
5,50,2,4,h2,500,14
5,50,2,4,h5,500,14
5,50,2,4,h8,500,14
5,50,2,5,h2,500,6
5,50,2,5,h5,500,6
5,50,2,5,h8,500,6
5,50,2,6,h2,500,9
5,50,2,6,h5,500,8
5,50,2,6,h8,500,7
5,50,2,7,h2,500,7
5,50,2,7,h5,500,7
5,50,2,7,h8,500,7
5,50,2,8,h2,500,9
5,50,2,8,h5,500,9
5,50,2,8,h8,500,9
5,50,2,9,h2,500,11
5,50,2,9,h5,500,11
5,50,2,9,h8,500,11
10,100,4,0,h2,500,3
10,100,4,0,h5,500,3
10,100,4,0,h8,500,3
10,100,4,1,h2,500,4
10,100,4,1,h5,500,4
10,100,4,1,h8,500,4
10,100,4,2,h2,500,3
10,100,4,2,h5,500,3
10,100,4,2,h8,500,3
10,100,4,3,h2,500,4
10,100,4,3,h5,500,4
10,100,4,3,h8,500,3
10,100,4,4,h2,500,3
10,100,4,4,h5,500,3
10,100,4,4,h8,500,4
10,100,4,5,h2,500,4
10,100,4,5,h5,500,4
10,100,4,5,h8,500,4
10,100,4,6,h2,500,5
10,100,4,6,h5,500,5
10,100,4,6,h8,500,5
10,100,4,7,h2,500,4
10,100,4,7,h5,500,3
10,100,4,7,h8,500,5
10,100,4,8,h2,500,3
10,100,4,8,h5,500,3
10,100,4,8,h8,500,3
10,100,4,9,h2,500,3
10,100,4,9,h5,500,3
10,100,4,9,h8,500,3
10,200,4,0,h2,500,6
10,200,4,0,h5,500,6
10,200,4,0,h8,500,3
10,200,4,1,h2,500,4
10,200,4,1,h5,500,3
10,200,4,1,h8,500,3
10,200,4,2,h2,500,3
10,200,4,2,h5,500,3
10,200,4,2,h8,500,3
10,200,4,3,h2,500,3
10,200,4,3,h5,500,4
10,200,4,3,h8,500,3
10,200,4,4,h2,500,3
10,200,4,4,h5,500,3
10,200,4,4,h8,500,3
10,200,4,5,h2,500,4
10,200,4,5,h5,500,4
10,200,4,5,h8,500,4
10,200,4,6,h2,500,6
10,200,4,6,h5,500,3
10,200,4,6,h8,500,3
10,200,4,7,h2,500,3
10,200,4,7,h5,500,3
10,200,4,7,h8,500,3
10,200,4,8,h2,500,4
10,200,4,8,h5,500,4
10,200,4,8,h8,500,4
10,200,4,9,h2,500,4
10,200,4,9,h5,500,4
10,200,4,9,h8,500,4
10,50,4,0,h2,500,5
10,50,4,0,h5,500,5
10,50,4,0,h8,500,5
10,50,4,1,h2,500,2
10,50,4,1,h5,500,2
10,50,4,1,h8,500,2
10,50,4,2,h2,500,4
10,50,4,2,h5,500,4
10,50,4,2,h8,500,4
10,50,4,3,h2,500,3
10,50,4,3,h5,500,3
10,50,4,3,h8,500,3
10,50,4,4,h2,500,3
10,50,4,4,h5,500,3
10,50,4,4,h8,500,2
10,50,4,5,h2,500,2
10,50,4,5,h5,500,2
10,50,4,5,h8,500,2
10,50,4,6,h2,500,2
10,50,4,6,h5,500,2
10,50,4,6,h8,500,2
10,50,4,7,h2,500,2
10,50,4,7,h5,500,2
10,50,4,7,h8,500,2
10,50,4,8,h2,500,2
10,50,4,8,h5,500,2
10,50,4,8,h8,500,2
10,50,4,9,h2,500,4
10,50,4,9,h5,500,4
10,50,4,9,h8,500,4
2,100,4,0,h2,500,62
2,100,4,0,h5,500,62
2,100,4,0,h8,500,40
2,100,4,1,h2,500,61
2,100,4,1,h5,500,60
2,100,4,1,h8,500,44
2,100,4,2,h2,500,66
2,100,4,2,h5,500,64
2,100,4,2,h8,500,43
2,100,4,3,h2,500,61
2,100,4,3,h5,500,61
2,100,4,3,h8,500,43
2,100,4,4,h2,500,61
2,100,4,4,h5,500,62
2,100,4,4,h8,500,42
2,100,4,5,h2,500,60
2,100,4,5,h5,500,60
2,100,4,5,h8,500,37
2,100,4,6,h2,500,60
2,100,4,6,h5,500,60
2,100,4,6,h8,500,42
2,100,4,7,h2,500,63
2,100,4,7,h5,500,63
2,100,4,7,h8,500,41
2,100,4,8,h2,500,59
2,100,4,8,h5,500,62
2,100,4,8,h8,500,44
2,100,4,9,h2,500,61
2,100,4,9,h5,500,62
2,100,4,9,h8,500,49
2,200,4,0,h2,500,117
2,200,4,0,h5,500,114
2,200,4,0,h8,500,101
2,200,4,1,h2,500,120
2,200,4,1,h5,500,123
2,200,4,1,h8,500,91
2,200,4,2,h2,500,121
2,200,4,2,h5,500,122
2,200,4,2,h8,500,101
2,200,4,3,h2,500,121
2,200,4,3,h5,500,122
2,200,4,3,h8,500,101
2,200,4,4,h2,500,124
2,200,4,4,h5,500,128
2,200,4,4,h8,500,93
2,200,4,5,h2,500,51
2,200,4,5,h5,500,121
2,200,4,5,h8,500,93
2,200,4,6,h2,500,118
2,200,4,6,h5,500,126
2,200,4,6,h8,500,106
2,200,4,7,h2,500,121
2,200,4,7,h5,500,120
2,200,4,7,h8,500,94
2,200,4,8,h2,500,115
2,200,4,8,h5,500,129
2,200,4,8,h8,500,90
2,200,4,9,h2,500,76
2,200,4,9,h5,500,104
2,200,4,9,h8,500,101
2,50,4,0,h2,500,29
2,50,4,0,h5,500,29
2,50,4,0,h8,500,21
2,50,4,1,h2,500,31
2,50,4,1,h5,500,31
2,50,4,1,h8,500,21
2,50,4,2,h2,500,31
2,50,4,2,h5,500,31
2,50,4,2,h8,500,22
2,50,4,3,h2,500,30
2,50,4,3,h5,500,30
2,50,4,3,h8,500,23
2,50,4,4,h2,500,32
2,50,4,4,h5,500,32
2,50,4,4,h8,500,25
2,50,4,5,h2,500,30
2,50,4,5,h5,500,30
2,50,4,5,h8,500,24
2,50,4,6,h2,500,30
2,50,4,6,h5,500,30
2,50,4,6,h8,500,27
2,50,4,7,h2,500,30
2,50,4,7,h5,500,30
2,50,4,7,h8,500,30
2,50,4,8,h2,500,30
2,50,4,8,h5,500,30
2,50,4,8,h8,500,26
2,50,4,9,h2,500,28
2,50,4,9,h5,500,28
2,50,4,9,h8,500,28
3,100,4,0,h2,500,19
3,100,4,0,h5,500,19
3,100,4,0,h8,500,19
3,100,4,1,h2,500,44
3,100,4,1,h5,500,44
3,100,4,1,h8,500,40
3,100,4,2,h2,500,48
3,100,4,2,h5,500,48
3,100,4,2,h8,500,38
3,100,4,3,h2,500,27
3,100,4,3,h5,500,27
3,100,4,3,h8,500,26
3,100,4,4,h2,500,43
3,100,4,4,h5,500,43
3,100,4,4,h8,500,38
3,100,4,5,h2,500,50
3,100,4,5,h5,500,50
3,100,4,5,h8,500,44
3,100,4,6,h2,500,46
3,100,4,6,h5,500,47
3,100,4,6,h8,500,32
3,100,4,7,h2,500,24
3,100,4,7,h5,500,24
3,100,4,7,h8,500,24
3,100,4,8,h2,500,30
3,100,4,8,h5,500,44
3,100,4,8,h8,500,42
3,100,4,9,h2,500,29
3,100,4,9,h5,500,29
3,100,4,9,h8,500,40
3,200,4,0,h2,500,100
3,200,4,0,h5,500,85
3,200,4,0,h8,500,80
3,200,4,1,h2,500,95
3,200,4,1,h5,500,100
3,200,4,1,h8,500,81
3,200,4,2,h2,500,94
3,200,4,2,h5,500,49
3,200,4,2,h8,500,90
3,200,4,3,h2,500,61
3,200,4,3,h5,500,91
3,200,4,3,h8,500,42
3,200,4,4,h2,500,94
3,200,4,4,h5,500,98
3,200,4,4,h8,500,47
3,200,4,5,h2,500,96
3,200,4,5,h5,500,96
3,200,4,5,h8,500,47
3,200,4,6,h2,500,38
3,200,4,6,h5,500,55
3,200,4,6,h8,500,51
3,200,4,7,h2,500,73
3,200,4,7,h5,500,101
3,200,4,7,h8,500,85
3,200,4,8,h2,500,97
3,200,4,8,h5,500,93
3,200,4,8,h8,500,82
3,200,4,9,h2,500,63
3,200,4,9,h5,500,65
3,200,4,9,h8,500,54
3,50,4,0,h2,500,23
3,50,4,0,h5,500,23
3,50,4,0,h8,500,23
3,50,4,1,h2,500,24
3,50,4,1,h5,500,24
3,50,4,1,h8,500,18
3,50,4,2,h2,500,12
3,50,4,2,h5,500,12
3,50,4,2,h8,500,12
3,50,4,3,h2,500,23
3,50,4,3,h5,500,23
3,50,4,3,h8,500,23
3,50,4,4,h2,500,22
3,50,4,4,h5,500,22
3,50,4,4,h8,500,20
3,50,4,5,h2,500,20
3,50,4,5,h5,500,20
3,50,4,5,h8,500,20
3,50,4,6,h2,500,25
3,50,4,6,h5,500,25
3,50,4,6,h8,500,20
3,50,4,7,h2,500,21
3,50,4,7,h5,500,21
3,50,4,7,h8,500,21
3,50,4,8,h2,500,24
3,50,4,8,h5,500,24
3,50,4,8,h8,500,22
3,50,4,9,h2,500,23
3,50,4,9,h5,500,23
3,50,4,9,h8,500,23
5,100,4,0,h2,500,13
5,100,4,0,h5,500,13
5,100,4,0,h8,500,13
5,100,4,1,h2,500,8
5,100,4,1,h5,500,8
5,100,4,1,h8,500,8
5,100,4,2,h2,500,8
5,100,4,2,h5,500,4
5,100,4,2,h8,500,8
5,100,4,3,h2,500,9
5,100,4,3,h5,500,9
5,100,4,3,h8,500,9
5,100,4,4,h2,500,9
5,100,4,4,h5,500,9
5,100,4,4,h8,500,9
5,100,4,5,h2,500,12
5,100,4,5,h5,500,12
5,100,4,5,h8,500,12
5,100,4,6,h2,500,16
5,100,4,6,h5,500,16
5,100,4,6,h8,500,16
5,100,4,7,h2,500,18
5,100,4,7,h5,500,18
5,100,4,7,h8,500,18
5,100,4,8,h2,500,19
5,100,4,8,h5,500,19
5,100,4,8,h8,500,19
5,100,4,9,h2,500,13
5,100,4,9,h5,500,13
5,100,4,9,h8,500,13
5,200,4,0,h2,500,22
5,200,4,0,h5,500,21
5,200,4,0,h8,500,21
5,200,4,1,h2,500,15
5,200,4,1,h5,500,10
5,200,4,1,h8,500,9
5,200,4,2,h2,500,21
5,200,4,2,h5,500,21
5,200,4,2,h8,500,21
5,200,4,3,h2,500,17
5,200,4,3,h5,500,17
5,200,4,3,h8,500,17
5,200,4,4,h2,500,20
5,200,4,4,h5,500,20
5,200,4,4,h8,500,20
5,200,4,5,h2,500,15
5,200,4,5,h5,500,15
5,200,4,5,h8,500,15
5,200,4,6,h2,500,16
5,200,4,6,h5,500,14
5,200,4,6,h8,500,16
5,200,4,7,h2,500,18
5,200,4,7,h5,500,18
5,200,4,7,h8,500,12
5,200,4,8,h2,500,9
5,200,4,8,h5,500,9
5,200,4,8,h8,500,9
5,200,4,9,h2,500,16
5,200,4,9,h5,500,13
5,200,4,9,h8,500,12
5,50,4,0,h2,500,11
5,50,4,0,h5,500,11
5,50,4,0,h8,500,11
5,50,4,1,h2,500,15
5,50,4,1,h5,500,15
5,50,4,1,h8,500,15
5,50,4,2,h2,500,10
5,50,4,2,h5,500,10
5,50,4,2,h8,500,10
5,50,4,3,h2,500,8
5,50,4,3,h5,500,8
5,50,4,3,h8,500,8
5,50,4,4,h2,500,17
5,50,4,4,h5,500,17
5,50,4,4,h8,500,17
5,50,4,5,h2,500,10
5,50,4,5,h5,500,10
5,50,4,5,h8,500,10
5,50,4,6,h2,500,10
5,50,4,6,h5,500,10
5,50,4,6,h8,500,5
5,50,4,7,h2,500,5
5,50,4,7,h5,500,5
5,50,4,7,h8,500,5
5,50,4,8,h2,500,7
5,50,4,8,h5,500,7
5,50,4,8,h8,500,7
5,50,4,9,h2,500,9
5,50,4,9,h5,500,9
5,50,4,9,h8,500,9
2,100,2,0,dp2,0,80
2,100,2,1,dp2,0,76
2,100,2,2,dp2,0,79
2,100,2,3,dp2,0,80
2,100,2,4,dp2,0,76
2,100,2,5,dp2,0,78
2,100,2,6,dp2,0,77
2,100,2,7,dp2,0,75
2,100,2,8,dp2,0,76
2,100,2,9,dp2,0,77
2,100,4,0,dp2,0,62
2,100,4,1,dp2,0,62
2,100,4,2,dp2,0,66
2,100,4,3,dp2,0,61
2,100,4,4,dp2,0,63
2,100,4,5,dp2,0,62
2,100,4,6,dp2,0,60
2,100,4,7,dp2,0,63
2,100,4,8,dp2,0,62
2,100,4,9,dp2,0,62
2,200,2,0,dp2,0,154
2,200,2,1,dp2,0,157
2,200,2,2,dp2,0,155
2,200,2,3,dp2,0,158
2,200,2,4,dp2,0,161
2,200,2,5,dp2,0,156
2,200,2,6,dp2,0,154
2,200,2,7,dp2,0,161
2,200,2,8,dp2,0,152
2,200,2,9,dp2,0,156
2,200,4,0,dp2,0,127
2,200,4,1,dp2,0,124
2,200,4,2,dp2,0,128
2,200,4,3,dp2,0,125
2,200,4,4,dp2,0,132
2,200,4,5,dp2,0,125
2,200,4,6,dp2,0,128
2,200,4,7,dp2,0,128
2,200,4,8,dp2,0,129
2,200,4,9,dp2,0,126
2,50,2,0,dp2,0,36
2,50,2,1,dp2,0,37
2,50,2,2,dp2,0,39
2,50,2,3,dp2,0,38
2,50,2,4,dp2,0,38
2,50,2,5,dp2,0,38
2,50,2,6,dp2,0,40
2,50,2,7,dp2,0,39
2,50,2,8,dp2,0,38
2,50,2,9,dp2,0,38
2,50,4,0,dp2,0,29
2,50,4,1,dp2,0,31
2,50,4,2,dp2,0,31
2,50,4,3,dp2,0,30
2,50,4,4,dp2,0,32
2,50,4,5,dp2,0,31
2,50,4,6,dp2,0,30
2,50,4,7,dp2,0,31
2,50,4,8,dp2,0,30
2,50,4,9,dp2,0,28
